source_page,url,text,url_lower,is_machine_readable,is_pdf
https://ustr.gov/issue-areas/enforcement/section-301-investigations/section-301-china/34-billion-trade-action,https://ustr.gov/sites/default/files/enforcement/301Investigations/FRN301.pdf,Proposed Tariff Action,https://ustr.gov/sites/default/files/enforcement/301investigations/frn301.pdf,0,1
https://ustr.gov/issue-areas/enforcement/section-301-investigations/section-301-china/34-billion-trade-action,https://ustr.gov/sites/default/files/2018-13248.pdf,Notice of Action,https://ustr.gov/sites/default/files/2018-13248.pdf,0,1
https://ustr.gov/issue-areas/enforcement/section-301-investigations/section-301-china/34-billion-trade-action,https://ustr.gov/sites/default/files/enforcement/301Investigations/Request_for_Comments_Concerning_Proposed_Modification.pdf,Request for Comments Concerning Proposed Modification,https://ustr.gov/sites/default/files/enforcement/301investigations/request_for_comments_concerning_proposed_modification.pdf,0,1
https://ustr.gov/issue-areas/enforcement/section-301-investigations/section-301-china/34-billion-trade-action,https://ustr.gov/sites/default/files/enforcement/301Investigations/Section%20301%20Exclusion%20Request%20Guidelines.pdf,How to Describe Your Product,https://ustr.gov/sites/default/files/enforcement/301investigations/section%20301%20exclusion%20request%20guidelines.pdf,0,1
https://ustr.gov/issue-areas/enforcement/section-301-investigations/section-301-china/34-billion-trade-action,https://ustr.gov/sites/default/files/enforcement/301Investigations/FRN%20exclusion%20process.pdf,Exclusion Request Procedures,https://ustr.gov/sites/default/files/enforcement/301investigations/frn%20exclusion%20process.pdf,0,1
https://ustr.gov/issue-areas/enforcement/section-301-investigations/section-301-china/34-billion-trade-action,http://ustr.gov/sites/default/files/enforcement/301Investigations/Section%20301%20Exclusion%20Request%20Guidelines.pdf,Exclusion Request Guidelines,http://ustr.gov/sites/default/files/enforcement/301investigations/section%20301%20exclusion%20request%20guidelines.pdf,0,1
https://ustr.gov/issue-areas/enforcement/section-301-investigations/section-301-china/34-billion-trade-action,https://ustr.gov/sites/default/files/enforcement/301Investigations/Section%20301_Product%20Exclusion%20Request%20Form.pdf,Exclusion Request Form,https://ustr.gov/sites/default/files/enforcement/301investigations/section%20301_product%20exclusion%20request%20form.pdf,0,1
https://ustr.gov/issue-areas/enforcement/section-301-investigations/section-301-china/34-billion-trade-action,https://ustr.gov/sites/default/files/enforcement/301Investigations/12.20.2019_Initial_%2434_Billion_Trade_Action_Index_of_Product_Exclusion_Requests_and_Review_Status.xlsx,Exclusion Requests Status Index,https://ustr.gov/sites/default/files/enforcement/301investigations/12.20.2019_initial_%2434_billion_trade_action_index_of_product_exclusion_requests_and_review_status.xlsx,1,0
https://ustr.gov/issue-areas/enforcement/section-301-investigations/section-301-china/34-billion-trade-action,https://ustr.gov/sites/default/files/enforcement/301Investigations/Initial%20%2434%20Billion%20%20Trade%20Action%20Exclusion%20Process%20FAQs.pdf,FAQs,https://ustr.gov/sites/default/files/enforcement/301investigations/initial%20%2434%20billion%20%20trade%20action%20exclusion%20process%20faqs.pdf,0,1
https://ustr.gov/issue-areas/enforcement/section-301-investigations/section-301-china/34-billion-trade-action,https://ustr.gov/sites/default/files/enforcement/301Investigations/2018-28277.pdf,"Exclusions Granted December 28, 2018",https://ustr.gov/sites/default/files/enforcement/301investigations/2018-28277.pdf,0,1
https://ustr.gov/issue-areas/enforcement/section-301-investigations/section-301-china/34-billion-trade-action,https://ustr.gov/sites/default/files/enforcement/301Investigations/84_FR_11152.pdf,"Exclusions Granted March 25, 2019",https://ustr.gov/sites/default/files/enforcement/301investigations/84_fr_11152.pdf,0,1
https://ustr.gov/issue-areas/enforcement/section-301-investigations/section-301-china/34-billion-trade-action,https://ustr.gov/sites/default/files/enforcement/301Investigations/84_FR_16310.pdf,"Exclusions Granted April 18, 2019",https://ustr.gov/sites/default/files/enforcement/301investigations/84_fr_16310.pdf,0,1
https://ustr.gov/issue-areas/enforcement/section-301-investigations/section-301-china/34-billion-trade-action,https://ustr.gov/sites/default/files/enforcement/301Investigations/84_FR_21389.pdf,"Exclusions Granted May 14, 2019",https://ustr.gov/sites/default/files/enforcement/301investigations/84_fr_21389.pdf,0,1
https://ustr.gov/issue-areas/enforcement/section-301-investigations/section-301-china/34-billion-trade-action,https://ustr.gov/sites/default/files/enforcement/301Investigations/84_FR_25895.pdf,"Exclusions Granted June 4, 2019",https://ustr.gov/sites/default/files/enforcement/301investigations/84_fr_25895.pdf,0,1
https://ustr.gov/issue-areas/enforcement/section-301-investigations/section-301-china/34-billion-trade-action,https://ustr.gov/sites/default/files/enforcement/301Investigations/Notice_of_Product_Exclusions.pdf,"Exclusions Granted July 9, 2019",https://ustr.gov/sites/default/files/enforcement/301investigations/notice_of_product_exclusions.pdf,0,1
https://ustr.gov/issue-areas/enforcement/section-301-investigations/section-301-china/34-billion-trade-action,https://ustr.gov/sites/default/files/enforcement/301Investigations/%2434_Billion_Exclusions_Granted_September.pdf,"Exclusions Granted September 20, 2019",https://ustr.gov/sites/default/files/enforcement/301investigations/%2434_billion_exclusions_granted_september.pdf,0,1
https://ustr.gov/issue-areas/enforcement/section-301-investigations/section-301-china/34-billion-trade-action,https://ustr.gov/sites/default/files/enforcement/301Investigations/%2434_Billion_Exclusions_Granted_October_2019.pdf,"Exclusions Granted October 2, 2019",https://ustr.gov/sites/default/files/enforcement/301investigations/%2434_billion_exclusions_granted_october_2019.pdf,0,1
https://ustr.gov/issue-areas/enforcement/section-301-investigations/section-301-china/34-billion-trade-action,https://ustr.gov/sites/default/files/enforcement/301Investigations/%2434_Billion_Exclusions_Granted-October_2019.pdf,Searchable List,https://ustr.gov/sites/default/files/enforcement/301investigations/%2434_billion_exclusions_granted-october_2019.pdf,0,1
https://ustr.gov/issue-areas/enforcement/section-301-investigations/section-301-china/34-billion-trade-action,https://ustr.gov/sites/default/files/enforcement/301Investigations/%2434_Billion_Notice_of_Product_Exclusion_and_Amendments.pdf,"Exclusion Granted December 17, 2019 and Amendments to Exclusions Granted July 9, 2019 and September 20, 2019",https://ustr.gov/sites/default/files/enforcement/301investigations/%2434_billion_notice_of_product_exclusion_and_amendments.pdf,0,1
https://ustr.gov/issue-areas/enforcement/section-301-investigations/section-301-china/34-billion-trade-action,https://ustr.gov/sites/default/files/enforcement/301Investigations/%2434_Billion_Notice_of_Product_Exclusions_and_Amendments_February_2020.pdf,"Exclusions Granted February 11, 2020",https://ustr.gov/sites/default/files/enforcement/301investigations/%2434_billion_notice_of_product_exclusions_and_amendments_february_2020.pdf,0,1
https://ustr.gov/issue-areas/enforcement/section-301-investigations/section-301-china/34-billion-trade-action,https://ustr.gov/sites/default/files/enforcement/301Investigations/%2434_Billion_Amendments_to_Exclusions_May.pdf,"Amendments to Exclusions May 13, 2020",https://ustr.gov/sites/default/files/enforcement/301investigations/%2434_billion_amendments_to_exclusions_may.pdf,0,1
https://ustr.gov/issue-areas/enforcement/section-301-investigations/section-301-china/34-billion-trade-action,https://ustr.gov/sites/default/files/enforcement/301Investigations/Amendment_to_Exclusion_%20June_2020.pdf,"Amendment to Exclusion June 8, 2020",https://ustr.gov/sites/default/files/enforcement/301investigations/amendment_to_exclusion_%20june_2020.pdf,0,1
https://ustr.gov/issue-areas/enforcement/section-301-investigations/section-301-china/34-billion-trade-action,https://ustr.gov/sites/default/files/enforcement/301Investigations/%2434_Billion_Amendment_to_Exclusion_July_10_2020.pdf,"Amendment to Exclusion July 15, 2020",https://ustr.gov/sites/default/files/enforcement/301investigations/%2434_billion_amendment_to_exclusion_july_10_2020.pdf,0,1
https://ustr.gov/issue-areas/enforcement/section-301-investigations/section-301-china/34-billion-trade-action,https://ustr.gov/sites/default/files/enforcement/301Investigations/%2434_Billion_Amendment_to_Exclusion_%20August_2020.pdf,"Amendment to Exclusion August 7, 2020",https://ustr.gov/sites/default/files/enforcement/301investigations/%2434_billion_amendment_to_exclusion_%20august_2020.pdf,0,1
https://ustr.gov/issue-areas/enforcement/section-301-investigations/section-301-china/34-billion-trade-action,https://ustr.gov/sites/default/files/enforcement/301Investigations/Request_for_Comments_Concerning_the_Extension_of_Particular_Exclusions.pdf,Request for Comments Concerning the Extension of Particular Exclusions Expiring December 2019,https://ustr.gov/sites/default/files/enforcement/301investigations/request_for_comments_concerning_the_extension_of_particular_exclusions.pdf,0,1
https://ustr.gov/issue-areas/enforcement/section-301-investigations/section-301-china/34-billion-trade-action,https://ustr.gov/sites/default/files/enforcement/301Investigations/Request-for-Comments-Concerning-the-Extension-of-Particular-Exclusions.pdf,Request for Comments Concerning the Extension of Particular Exclusions Expiring March 2020,https://ustr.gov/sites/default/files/enforcement/301investigations/request-for-comments-concerning-the-extension-of-particular-exclusions.pdf,0,1
https://ustr.gov/issue-areas/enforcement/section-301-investigations/section-301-china/34-billion-trade-action,https://ustr.gov/sites/default/files/enforcement/301Investigations/2020-02219.pdf,Request for Comments Concerning the Extension of Particular Exclusions Expiring April 2020,https://ustr.gov/sites/default/files/enforcement/301investigations/2020-02219.pdf,0,1
https://ustr.gov/issue-areas/enforcement/section-301-investigations/section-301-china/34-billion-trade-action,https://ustr.gov/sites/default/files/enforcement/301Investigations/Request_for_Comments_Concerning_the_Extension_of_Particular_Exclusions_March.pdf,Request for Comments Concerning the Extension of Particular Exclusions Expiring May 2020,https://ustr.gov/sites/default/files/enforcement/301investigations/request_for_comments_concerning_the_extension_of_particular_exclusions_march.pdf,0,1
https://ustr.gov/issue-areas/enforcement/section-301-investigations/section-301-china/34-billion-trade-action,https://ustr.gov/sites/default/files/enforcement/301Investigations/Request_for_Comments_Concerning_the_Extension_of_Particular_Exclusions_March_17.pdf,Request for Comments Concerning the Extension of Particular Exclusions Expiring June 2020,https://ustr.gov/sites/default/files/enforcement/301investigations/request_for_comments_concerning_the_extension_of_particular_exclusions_march_17.pdf,0,1
https://ustr.gov/issue-areas/enforcement/section-301-investigations/section-301-china/34-billion-trade-action,https://ustr.gov/sites/default/files/enforcement/301Investigations/Request_for_Comments_Concerning_the_Extension_of_Particular_Exclusions_April.pdf,Request for Comments Concerning the Extension of Particular Exclusions Expiring July 2020,https://ustr.gov/sites/default/files/enforcement/301investigations/request_for_comments_concerning_the_extension_of_particular_exclusions_april.pdf,0,1
https://ustr.gov/issue-areas/enforcement/section-301-investigations/section-301-china/34-billion-trade-action,https://ustr.gov/sites/default/files/enforcement/301Investigations/Request_for_Comments_Concerning_the_Extension_of_Particular_Exclusions_Expiring_September_2020.pdf,Request for Comments Concerning the Extension of Particular Exclusions Expiring September 2020,https://ustr.gov/sites/default/files/enforcement/301investigations/request_for_comments_concerning_the_extension_of_particular_exclusions_expiring_september_2020.pdf,0,1
https://ustr.gov/issue-areas/enforcement/section-301-investigations/section-301-china/34-billion-trade-action,https://ustr.gov/sites/default/files/enforcement/301Investigations/Exclusion_Extension_Comment_Form_A.xlsx,Exclusion Extension Comment: Form A,https://ustr.gov/sites/default/files/enforcement/301investigations/exclusion_extension_comment_form_a.xlsx,1,0
https://ustr.gov/issue-areas/enforcement/section-301-investigations/section-301-china/34-billion-trade-action,https://ustr.gov/sites/default/files/enforcement/301Investigations/Exclusion_Extension_Comment_Form_B.xlsx,Exclusion Extension Comment: Form B,https://ustr.gov/sites/default/files/enforcement/301investigations/exclusion_extension_comment_form_b.xlsx,1,0
https://ustr.gov/issue-areas/enforcement/section-301-investigations/section-301-china/34-billion-trade-action,https://ustr.gov/sites/default/files/enforcement/301Investigations/Request_for_Comments_Concerning_the_Extension_of_Particular_Exclusions_Expiring_October_2020.pdf,Request for Comments Concerning the Extension of Particular Exclusions Expiring October 2020,https://ustr.gov/sites/default/files/enforcement/301investigations/request_for_comments_concerning_the_extension_of_particular_exclusions_expiring_october_2020.pdf,0,1
https://ustr.gov/issue-areas/enforcement/section-301-investigations/section-301-china/34-billion-trade-action,https://ustr.gov/sites/default/files/enforcement/301Investigations/Notice_of_Extensions_for_Exclusions_Expiring_December_28%2C_2019.pdf,"Notice of Extensions for Exclusions Expiring December 28, 2019",https://ustr.gov/sites/default/files/enforcement/301investigations/notice_of_extensions_for_exclusions_expiring_december_28%2c_2019.pdf,0,1
https://ustr.gov/issue-areas/enforcement/section-301-investigations/section-301-china/34-billion-trade-action,https://ustr.gov/sites/default/files/enforcement/301Investigations/Notice_of_Extensions_for_Exclusions_Expiring_March_2020.pdf,Notice of Extensions for Exclusions Expiring March 2020,https://ustr.gov/sites/default/files/enforcement/301investigations/notice_of_extensions_for_exclusions_expiring_march_2020.pdf,0,1
https://ustr.gov/issue-areas/enforcement/section-301-investigations/section-301-china/34-billion-trade-action,https://ustr.gov/sites/default/files/enforcement/301Investigations/Notice_of_Extensions_for_Exclusions_Expiring_April_18%2C_2020.pdf,"Notice of Extensions for Exclusions Expiring April 18, 2020",https://ustr.gov/sites/default/files/enforcement/301investigations/notice_of_extensions_for_exclusions_expiring_april_18%2c_2020.pdf,0,1
https://ustr.gov/issue-areas/enforcement/section-301-investigations/section-301-china/34-billion-trade-action,https://ustr.gov/sites/default/files/enforcement/301Investigations/Notice_of_Extensions_for_Exclusions_Expiring_May_14_2020.pdf,"Notice of Extensions for Exclusions Expiring May 14, 2020",https://ustr.gov/sites/default/files/enforcement/301investigations/notice_of_extensions_for_exclusions_expiring_may_14_2020.pdf,0,1
https://ustr.gov/issue-areas/enforcement/section-301-investigations/section-301-china/34-billion-trade-action,https://ustr.gov/sites/default/files/enforcement/301Investigations/Notice_of_Extensions_for_Exclusions_Expiring_June_2020.pdf,"Notice of Extensions for Exclusions Expiring June 4, 2020",https://ustr.gov/sites/default/files/enforcement/301investigations/notice_of_extensions_for_exclusions_expiring_june_2020.pdf,0,1
https://ustr.gov/issue-areas/enforcement/section-301-investigations/section-301-china/34-billion-trade-action,https://ustr.gov/sites/default/files/enforcement/301Investigations/Notice_of_Extensions_for_Exclusions_July_2020.pdf,"Notice of Extensions for Exclusions Expiring July 9, 2020",https://ustr.gov/sites/default/files/enforcement/301investigations/notice_of_extensions_for_exclusions_july_2020.pdf,0,1
https://ustr.gov/issue-areas/enforcement/section-301-investigations/section-301-china/34-billion-trade-action,https://ustr.gov/sites/default/files/enforcement/301Investigations/%2434_Billion_Extensions_For_Exclusions_September_2020.pdf,"Notice of Extensions for Exclusions Expiring September 20, 2020",https://ustr.gov/sites/default/files/enforcement/301investigations/%2434_billion_extensions_for_exclusions_september_2020.pdf,0,1
https://ustr.gov/issue-areas/enforcement/section-301-investigations/section-301-china/34-billion-trade-action,https://ustr.gov/sites/default/files/enforcement/301Investigations/%2434_Billion_Extensions_For_Exclusions_Expiring_October_2_2020.pdf,"Notice of Extensions for Exclusions Expiring October 2, 2020",https://ustr.gov/sites/default/files/enforcement/301investigations/%2434_billion_extensions_for_exclusions_expiring_october_2_2020.pdf,0,1
https://ustr.gov/issue-areas/enforcement/section-301-investigations/section-301-china/16-billion-trade-action,https://ustr.gov/sites/default/files/2018-13248.pdf,Proposed Tariff Action,https://ustr.gov/sites/default/files/2018-13248.pdf,0,1
https://ustr.gov/issue-areas/enforcement/section-301-investigations/section-301-china/16-billion-trade-action,https://ustr.gov/sites/default/files/enforcement/301Investigations/2018-17709.pdf,Notice of Action,https://ustr.gov/sites/default/files/enforcement/301investigations/2018-17709.pdf,0,1
https://ustr.gov/issue-areas/enforcement/section-301-investigations/section-301-china/16-billion-trade-action,https://ustr.gov/sites/default/files/enforcement/301Investigations/Request_for_Comments_Concerning_Proposed_Modification.pdf,Request for Comments Concerning Proposed Modification,https://ustr.gov/sites/default/files/enforcement/301investigations/request_for_comments_concerning_proposed_modification.pdf,0,1
https://ustr.gov/issue-areas/enforcement/section-301-investigations/section-301-china/16-billion-trade-action,https://ustr.gov/sites/default/files/enforcement/301Investigations/Section%20301%20Exclusion%20Request%20Guidelines.pdf,How to Describe Your Product,https://ustr.gov/sites/default/files/enforcement/301investigations/section%20301%20exclusion%20request%20guidelines.pdf,0,1
https://ustr.gov/issue-areas/enforcement/section-301-investigations/section-301-china/16-billion-trade-action,https://ustr.gov/sites/default/files/enforcement/301Investigations/2018-20246.pdf,Exclusion Request Procedures,https://ustr.gov/sites/default/files/enforcement/301investigations/2018-20246.pdf,0,1
https://ustr.gov/issue-areas/enforcement/section-301-investigations/section-301-china/16-billion-trade-action,https://ustr.gov/sites/default/files/enforcement/301Investigations/Section%20301_Product%20Exclusion%20Request%20Form.pdf,Exclusion Request Form,https://ustr.gov/sites/default/files/enforcement/301investigations/section%20301_product%20exclusion%20request%20form.pdf,0,1
https://ustr.gov/issue-areas/enforcement/section-301-investigations/section-301-china/16-billion-trade-action,https://ustr.gov/sites/default/files/enforcement/301Investigations/07.08.2020_Additional_%2416_Billion_Trade_Action_Index_of_Product_Exclusion_Requests_and_Review_Status.xlsx,Exclusion Requests Status Index,https://ustr.gov/sites/default/files/enforcement/301investigations/07.08.2020_additional_%2416_billion_trade_action_index_of_product_exclusion_requests_and_review_status.xlsx,1,0
https://ustr.gov/issue-areas/enforcement/section-301-investigations/section-301-china/16-billion-trade-action,https://ustr.gov/sites/default/files/enforcement/301Investigations/Additional%20%2416%20Billion%20Trade%20Action%20Exclusion%20Process%20FAQs.pdf,FAQs,https://ustr.gov/sites/default/files/enforcement/301investigations/additional%20%2416%20billion%20trade%20action%20exclusion%20process%20faqs.pdf,0,1
https://ustr.gov/issue-areas/enforcement/section-301-investigations/section-301-china/16-billion-trade-action,https://ustr.gov/sites/default/files/enforcement/301Investigations/16_Billion_Exclusions_Granted.pdf,"Exclusions Granted July 31, 2019",https://ustr.gov/sites/default/files/enforcement/301investigations/16_billion_exclusions_granted.pdf,0,1
https://ustr.gov/issue-areas/enforcement/section-301-investigations/section-301-china/16-billion-trade-action,https://ustr.gov/sites/default/files/enforcement/301Investigations/%2416_Billion_Exclusions_Granted_September.pdf,"Exclusions Granted September 20, 2019",https://ustr.gov/sites/default/files/enforcement/301investigations/%2416_billion_exclusions_granted_september.pdf,0,1
https://ustr.gov/issue-areas/enforcement/section-301-investigations/section-301-china/16-billion-trade-action,https://ustr.gov/sites/default/files/enforcement/301Investigations/%2416_Billion_Exclusions_Granted_October_2019.pdf,"Exclusions Granted October 2, 2019",https://ustr.gov/sites/default/files/enforcement/301investigations/%2416_billion_exclusions_granted_october_2019.pdf,0,1
https://ustr.gov/issue-areas/enforcement/section-301-investigations/section-301-china/16-billion-trade-action,https://ustr.gov/sites/default/files/enforcement/301Investigations/%2416_Billion_Exclusions_Granted-October_2019.pdf,Searchable List,https://ustr.gov/sites/default/files/enforcement/301investigations/%2416_billion_exclusions_granted-october_2019.pdf,0,1
https://ustr.gov/issue-areas/enforcement/section-301-investigations/section-301-china/16-billion-trade-action,https://ustr.gov/sites/default/files/enforcement/301Investigations/%2416_Billion_Notice_of_Amendments.pdf,"Amendments to Exclusions Granted September 20, 2019",https://ustr.gov/sites/default/files/enforcement/301investigations/%2416_billion_notice_of_amendments.pdf,0,1
https://ustr.gov/issue-areas/enforcement/section-301-investigations/section-301-china/16-billion-trade-action,https://ustr.gov/sites/default/files/enforcement/301Investigations/%2416_Billion_Exclusions_Granted_February.pdf,"Exclusions Granted February 25, 2020",https://ustr.gov/sites/default/files/enforcement/301investigations/%2416_billion_exclusions_granted_february.pdf,0,1
https://ustr.gov/issue-areas/enforcement/section-301-investigations/section-301-china/16-billion-trade-action,https://ustr.gov/sites/default/files/enforcement/301Investigations/%2416_Billion_Amendments_to_Exclusions_May.pdf,"Amendments to Exclusions May 13, 2020",https://ustr.gov/sites/default/files/enforcement/301investigations/%2416_billion_amendments_to_exclusions_may.pdf,0,1
https://ustr.gov/issue-areas/enforcement/section-301-investigations/section-301-china/16-billion-trade-action,https://ustr.gov/sites/default/files/enforcement/301Investigations/%2416_Billion_Exclusion_Granted_July_10_2020.pdf,"Exclusions Granted July 10, 2020",https://ustr.gov/sites/default/files/enforcement/301investigations/%2416_billion_exclusion_granted_july_10_2020.pdf,0,1
https://ustr.gov/issue-areas/enforcement/section-301-investigations/section-301-china/16-billion-trade-action,https://ustr.gov/sites/default/files/enforcement/301Investigations/%2416_Billion_Amendment_to_Exclusion_August_2020.pdf,"Amendment to Exclusion August 7, 2020",https://ustr.gov/sites/default/files/enforcement/301investigations/%2416_billion_amendment_to_exclusion_august_2020.pdf,0,1
https://ustr.gov/issue-areas/enforcement/section-301-investigations/section-301-china/16-billion-trade-action,https://ustr.gov/sites/default/files/enforcement/301Investigations/%2416_Billion_Amendment_to_Exclusion_November_2020.pdf,"Amendment to Exclusion November 18, 2020",https://ustr.gov/sites/default/files/enforcement/301investigations/%2416_billion_amendment_to_exclusion_november_2020.pdf,0,1
https://ustr.gov/issue-areas/enforcement/section-301-investigations/section-301-china/16-billion-trade-action,https://ustr.gov/sites/default/files/enforcement/301Investigations/Request_for_Comments_Concerning_the_Extension_of_Particular_Exclusions_April_2020.pdf,Request for Comments Concerning the Extension of Particular Exclusions,https://ustr.gov/sites/default/files/enforcement/301investigations/request_for_comments_concerning_the_extension_of_particular_exclusions_april_2020.pdf,0,1
https://ustr.gov/issue-areas/enforcement/section-301-investigations/section-301-china/16-billion-trade-action,https://ustr.gov/sites/default/files/enforcement/301Investigations/Request_for_Comments_Concerning_the_Extension_of_Particular_Exclusions_June_2020_12.pdf,Request for Comments Concerning the Extension of Particular Exclusions Expiring September 2020,https://ustr.gov/sites/default/files/enforcement/301investigations/request_for_comments_concerning_the_extension_of_particular_exclusions_june_2020_12.pdf,0,1
https://ustr.gov/issue-areas/enforcement/section-301-investigations/section-301-china/16-billion-trade-action,https://ustr.gov/sites/default/files/enforcement/301Investigations/Request_for_Comments_Concerning_the_Extension_of_Particular_Exclusions_June_2020_13.pdf,Request for Comments Concerning the Extension of Particular Exclusions Expiring October 2020,https://ustr.gov/sites/default/files/enforcement/301investigations/request_for_comments_concerning_the_extension_of_particular_exclusions_june_2020_13.pdf,0,1
https://ustr.gov/issue-areas/enforcement/section-301-investigations/section-301-china/16-billion-trade-action,https://ustr.gov/sites/default/files/enforcement/301Investigations/%2416_Billion_Exclusion_Extensions_July_2020.pdf,"Notice of Extensions for Exclusions Expiring July 31, 2020",https://ustr.gov/sites/default/files/enforcement/301investigations/%2416_billion_exclusion_extensions_july_2020.pdf,0,1
https://ustr.gov/issue-areas/enforcement/section-301-investigations/section-301-china/16-billion-trade-action,https://ustr.gov/sites/default/files/enforcement/301Investigations/%2416_Billion_Exclusion_Extensions_September_2020.pdf,"Notice of Extensions for Exclusions Expiring September 20, 2020",https://ustr.gov/sites/default/files/enforcement/301investigations/%2416_billion_exclusion_extensions_september_2020.pdf,0,1
https://ustr.gov/issue-areas/enforcement/section-301-investigations/section-301-china/16-billion-trade-action,https://ustr.gov/sites/default/files/enforcement/301Investigations/%2416_Billion_Extensions_For_Exclusions_Expiring_October_2_2020.pdf,"Notice of Extensions for Exclusions Expiring October 2, 2020",https://ustr.gov/sites/default/files/enforcement/301investigations/%2416_billion_extensions_for_exclusions_expiring_october_2_2020.pdf,0,1
https://ustr.gov/issue-areas/enforcement/section-301-investigations/section-301-china/200-billion-trade-action,http://ustr.gov/sites/default/files/enforcement/301Investigations/2018-0026%20China%20FRN%207-10-2018_0.pdf,Proposed Tariff Action,http://ustr.gov/sites/default/files/enforcement/301investigations/2018-0026%20china%20frn%207-10-2018_0.pdf,0,1
https://ustr.gov/issue-areas/enforcement/section-301-investigations/section-301-china/200-billion-trade-action,https://ustr.gov/sites/default/files/enforcement/301Investigations/2018-16919.pdf,Notice to Extend Comment Period,https://ustr.gov/sites/default/files/enforcement/301investigations/2018-16919.pdf,0,1
https://ustr.gov/issue-areas/enforcement/section-301-investigations/section-301-china/200-billion-trade-action,http://ustr.gov/sites/default/files/enforcement/301Investigations/83%20FR%2047974.pdf,Initial Additional Duty of 10 Percent,http://ustr.gov/sites/default/files/enforcement/301investigations/83%20fr%2047974.pdf,0,1
https://ustr.gov/issue-areas/enforcement/section-301-investigations/section-301-china/200-billion-trade-action,https://ustr.gov/sites/default/files/enforcement/301Investigations/2018-21303.pdf,Modification to Remove Certain HTSUS Subheadings,https://ustr.gov/sites/default/files/enforcement/301investigations/2018-21303.pdf,0,1
https://ustr.gov/issue-areas/enforcement/section-301-investigations/section-301-china/200-billion-trade-action,https://ustr.gov/sites/default/files/enforcement/301Investigations/83_FR_65198.pdf,Modification to Postpone Duty Increase,https://ustr.gov/sites/default/files/enforcement/301investigations/83_fr_65198.pdf,0,1
https://ustr.gov/issue-areas/enforcement/section-301-investigations/section-301-china/200-billion-trade-action,https://ustr.gov/sites/default/files/enforcement/301Investigations/84_FR_7966.pdf,Modification to Postpone Duty Increase,https://ustr.gov/sites/default/files/enforcement/301investigations/84_fr_7966.pdf,0,1
https://ustr.gov/issue-areas/enforcement/section-301-investigations/section-301-china/200-billion-trade-action,https://ustr.gov/sites/default/files/enforcement/301Investigations/84_FR_20459.pdf,Modification to Increase Duty from 10 Percent to 25 Percent,https://ustr.gov/sites/default/files/enforcement/301investigations/84_fr_20459.pdf,0,1
https://ustr.gov/issue-areas/enforcement/section-301-investigations/section-301-china/200-billion-trade-action,https://ustr.gov/sites/default/files/enforcement/301Investigations/2019-09990.pdf,"Modification to Delay Duty Increase on Certain Products Entering the United States before June 1, 2019",https://ustr.gov/sites/default/files/enforcement/301investigations/2019-09990.pdf,0,1
https://ustr.gov/issue-areas/enforcement/section-301-investigations/section-301-china/200-billion-trade-action,https://ustr.gov/sites/default/files/enforcement/301Investigations/Additional_Implementing_Modification_to_Section_301_Action.pdf,"Modification to Delay Duty Increase on Certain Products Entering the United States before June 15, 2019",https://ustr.gov/sites/default/files/enforcement/301investigations/additional_implementing_modification_to_section_301_action.pdf,0,1
https://ustr.gov/issue-areas/enforcement/section-301-investigations/section-301-china/200-billion-trade-action,http://ustr.gov/sites/default/files/enforcement/301Investigations/Procedures_for_Requests_to_Exclude_Particular_Products_from_the_September_2018_Action.pdf,Exclusion Request Procedures,http://ustr.gov/sites/default/files/enforcement/301investigations/procedures_for_requests_to_exclude_particular_products_from_the_september_2018_action.pdf,0,1
https://ustr.gov/issue-areas/enforcement/section-301-investigations/section-301-china/200-billion-trade-action,https://ustr.gov/sites/default/files/enforcement/301Investigations/Request_for_Comments_Concerning_Proposed_Modification.pdf,Request for Comments Concerning Proposed Modification,https://ustr.gov/sites/default/files/enforcement/301investigations/request_for_comments_concerning_proposed_modification.pdf,0,1
https://ustr.gov/issue-areas/enforcement/section-301-investigations/section-301-china/200-billion-trade-action,https://ustr.gov/sites/default/files/enforcement/301Investigations/Technical%20Modification%20to%20301%20Action%20-%2002.28.22.pdf,Technical Modifications to 301 Action,https://ustr.gov/sites/default/files/enforcement/301investigations/technical%20modification%20to%20301%20action%20-%2002.28.22.pdf,0,1
https://ustr.gov/issue-areas/enforcement/section-301-investigations/section-301-china/200-billion-trade-action,https://ustr.gov/sites/default/files/enforcement/301Investigations/%24200_Billion_Trade_Action_Exclusion_Process_FAQs.pdf,FAQs,https://ustr.gov/sites/default/files/enforcement/301investigations/%24200_billion_trade_action_exclusion_process_faqs.pdf,0,1
https://ustr.gov/issue-areas/enforcement/section-301-investigations/section-301-china/200-billion-trade-action,http://ustr.gov/sites/default/files/enforcement/301Investigations/84_FR_23146.pdf,Information Collection Request,http://ustr.gov/sites/default/files/enforcement/301investigations/84_fr_23146.pdf,0,1
https://ustr.gov/issue-areas/enforcement/section-301-investigations/section-301-china/200-billion-trade-action,https://ustr.gov/sites/default/files/enforcement/301Investigations/2019-18094.pdf,Renewal of Information Collection Request,https://ustr.gov/sites/default/files/enforcement/301investigations/2019-18094.pdf,0,1
https://ustr.gov/issue-areas/enforcement/section-301-investigations/section-301-china/200-billion-trade-action,https://ustr.gov/sites/default/files/enforcement/301Investigations/2019-23938.pdf,Renewal of Information Collection Request,https://ustr.gov/sites/default/files/enforcement/301investigations/2019-23938.pdf,0,1
https://ustr.gov/issue-areas/enforcement/section-301-investigations/section-301-china/200-billion-trade-action,https://ustr.gov/sites/default/files/enforcement/301Investigations/200_Billion_Exclusions_Granted.pdf,"Exclusions Granted August 7, 2019",https://ustr.gov/sites/default/files/enforcement/301investigations/200_billion_exclusions_granted.pdf,0,1
https://ustr.gov/issue-areas/enforcement/section-301-investigations/section-301-china/200-billion-trade-action,https://ustr.gov/sites/default/files/enforcement/301Investigations/%24200_Billion_Exclusions_Granted_September.pdf,"Exclusions Granted September 20, 2019",https://ustr.gov/sites/default/files/enforcement/301investigations/%24200_billion_exclusions_granted_september.pdf,0,1
https://ustr.gov/issue-areas/enforcement/section-301-investigations/section-301-china/200-billion-trade-action,https://ustr.gov/sites/default/files/enforcement/301Investigations/%24200_Billion_Exclusions_Granted_October.pdf,"Exclusions Granted October 28, 2019",https://ustr.gov/sites/default/files/enforcement/301investigations/%24200_billion_exclusions_granted_october.pdf,0,1
https://ustr.gov/issue-areas/enforcement/section-301-investigations/section-301-china/200-billion-trade-action,https://ustr.gov/sites/default/files/enforcement/301Investigations/%24200_Billion_Exclusions_Granted_November.pdf,"Exclusions Granted November 13, 2019",https://ustr.gov/sites/default/files/enforcement/301investigations/%24200_billion_exclusions_granted_november.pdf,0,1
https://ustr.gov/issue-areas/enforcement/section-301-investigations/section-301-china/200-billion-trade-action,https://ustr.gov/sites/default/files/enforcement/301Investigations/%24200_Billion_Exclusions_Granted-November.pdf,"Exclusions Granted November 29, 2019",https://ustr.gov/sites/default/files/enforcement/301investigations/%24200_billion_exclusions_granted-november.pdf,0,1
https://ustr.gov/issue-areas/enforcement/section-301-investigations/section-301-china/200-billion-trade-action,https://ustr.gov/sites/default/files/enforcement/301Investigations/%24200_Billion_Exclusions_Granted_December.pdf,"Exclusions Granted December 17, 2019",https://ustr.gov/sites/default/files/enforcement/301investigations/%24200_billion_exclusions_granted_december.pdf,0,1
https://ustr.gov/issue-areas/enforcement/section-301-investigations/section-301-china/200-billion-trade-action,https://ustr.gov/sites/default/files/enforcement/301Investigations/Exclusions_Granted_December_31%2C_2019.pdf,"Exclusions Granted January 6, 2020",https://ustr.gov/sites/default/files/enforcement/301investigations/exclusions_granted_december_31%2c_2019.pdf,0,1
https://ustr.gov/issue-areas/enforcement/section-301-investigations/section-301-china/200-billion-trade-action,https://ustr.gov/sites/default/files/enforcement/301Investigations/%24200_Billion_Exclusions_Granted_January_31.pdf,"Exclusions Granted February 5, 2020",https://ustr.gov/sites/default/files/enforcement/301investigations/%24200_billion_exclusions_granted_january_31.pdf,0,1
https://ustr.gov/issue-areas/enforcement/section-301-investigations/section-301-china/200-billion-trade-action,https://ustr.gov/sites/default/files/enforcement/301Investigations/%24200_Billion_Exclusions_Granted_February.pdf,"Exclusions Granted February 20, 2020",https://ustr.gov/sites/default/files/enforcement/301investigations/%24200_billion_exclusions_granted_february.pdf,0,1
https://ustr.gov/issue-areas/enforcement/section-301-investigations/section-301-china/200-billion-trade-action,https://ustr.gov/sites/default/files/enforcement/301Investigations/%24200_Billion_Exclusions_Granted_March.pdf,"Exclusions Granted March 16, 2020",https://ustr.gov/sites/default/files/enforcement/301investigations/%24200_billion_exclusions_granted_march.pdf,0,1
https://ustr.gov/issue-areas/enforcement/section-301-investigations/section-301-china/200-billion-trade-action,https://ustr.gov/sites/default/files/enforcement/301Investigations/%24200_Billion_Exclusions_Granted_March_20_2020.pdf,"Exclusions Granted March 26, 2020",https://ustr.gov/sites/default/files/enforcement/301investigations/%24200_billion_exclusions_granted_march_20_2020.pdf,0,1
https://ustr.gov/issue-areas/enforcement/section-301-investigations/section-301-china/200-billion-trade-action,https://ustr.gov/sites/default/files/enforcement/301Investigations/%24200_Billion_Exclusions_Granted_April_2020.pdf,"Exclusions Granted April 24, 2020",https://ustr.gov/sites/default/files/enforcement/301investigations/%24200_billion_exclusions_granted_april_2020.pdf,0,1
https://ustr.gov/issue-areas/enforcement/section-301-investigations/section-301-china/200-billion-trade-action,https://ustr.gov/sites/default/files/enforcement/301Investigations/%24200_Billion_Exclusions_Granted_May.pdf,"Exclusions Granted May 8, 2020",https://ustr.gov/sites/default/files/enforcement/301investigations/%24200_billion_exclusions_granted_may.pdf,0,1
https://ustr.gov/issue-areas/enforcement/section-301-investigations/section-301-china/200-billion-trade-action,https://ustr.gov/sites/default/files/enforcement/301Investigations/%24200_Billion_Exclusions_Granted_May_2020.pdf,"Exclusions Granted May 21, 2020",https://ustr.gov/sites/default/files/enforcement/301investigations/%24200_billion_exclusions_granted_may_2020.pdf,0,1
https://ustr.gov/issue-areas/enforcement/section-301-investigations/section-301-china/200-billion-trade-action,https://ustr.gov/sites/default/files/enforcement/301Investigations/%24200_Billion_Exclusions_Granted_June_2020.pdf,"Exclusions Granted June 19, 2020",https://ustr.gov/sites/default/files/enforcement/301investigations/%24200_billion_exclusions_granted_june_2020.pdf,0,1
https://ustr.gov/issue-areas/enforcement/section-301-investigations/section-301-china/200-billion-trade-action,https://ustr.gov/sites/default/files/enforcement/301Investigations/%24200_Billion_Amendments_to_Exclusions_July_10_2020.pdf,"Amendments to Exclusions Granted July 10, 2020",https://ustr.gov/sites/default/files/enforcement/301investigations/%24200_billion_amendments_to_exclusions_july_10_2020.pdf,0,1
https://ustr.gov/issue-areas/enforcement/section-301-investigations/section-301-china/200-billion-trade-action,https://ustr.gov/sites/default/files/enforcement/301Investigations/%24200_Billion_Exclusions_Granted_August_2020.pdf,"Amendments to Exclusions Granted August 24, 2020",https://ustr.gov/sites/default/files/enforcement/301investigations/%24200_billion_exclusions_granted_august_2020.pdf,0,1
https://ustr.gov/issue-areas/enforcement/section-301-investigations/section-301-china/200-billion-trade-action,https://ustr.gov/sites/default/files/enforcement/301Investigations/%24200_Billion_Exclusion_Amendment_October_7_2020.pdf,"Amendment to Exclusions Granted October 7, 2020",https://ustr.gov/sites/default/files/enforcement/301investigations/%24200_billion_exclusion_amendment_october_7_2020.pdf,0,1
https://ustr.gov/issue-areas/enforcement/section-301-investigations/section-301-china/200-billion-trade-action,https://ustr.gov/sites/default/files/enforcement/301Investigations/Amendment_to_Exclusion_Granted_February_2020.pdf,"Amendment to Exclusion Granted February 5, 2020",https://ustr.gov/sites/default/files/enforcement/301investigations/amendment_to_exclusion_granted_february_2020.pdf,0,1
https://ustr.gov/issue-areas/enforcement/section-301-investigations/section-301-china/200-billion-trade-action,https://ustr.gov/sites/default/files/enforcement/301Investigations/Amendment_List_%203_%20Exclusions_Cover_Goods_on_the_Water.pdf,Amendment to List 3 Exclusions to Cover Goods on the Water,https://ustr.gov/sites/default/files/enforcement/301investigations/amendment_list_%203_%20exclusions_cover_goods_on_the_water.pdf,0,1
https://ustr.gov/issue-areas/enforcement/section-301-investigations/section-301-china/200-billion-trade-action,https://ustr.gov/sites/default/files/enforcement/301Investigations/Request_for_Comments_Concerning_the_Extension_of_Particular_Exclusions_May_2020.pdf,Request for Comments Concerning the Extension of Particular Exclusions,https://ustr.gov/sites/default/files/enforcement/301investigations/request_for_comments_concerning_the_extension_of_particular_exclusions_may_2020.pdf,0,1
https://ustr.gov/issue-areas/enforcement/section-301-investigations/section-301-china/200-billion-trade-action,https://ustr.gov/sites/default/files/enforcement/301Investigations/Request_for_Comments_Concerning_the_Extensions_of_Particular_Exclusions_May_2020.pdf,Request for Comments Concerning the Extension of Particular Exclusions,https://ustr.gov/sites/default/files/enforcement/301investigations/request_for_comments_concerning_the_extensions_of_particular_exclusions_may_2020.pdf,0,1
https://ustr.gov/issue-areas/enforcement/section-301-investigations/section-301-china/200-billion-trade-action,https://ustr.gov/sites/default/files/enforcement/301Investigations/Notice_of_Extensions_for_Exclusions_Expiring_August__7_2020.pdf,Notice of Extensions for Exclusions Under the $200 Billion Action,https://ustr.gov/sites/default/files/enforcement/301investigations/notice_of_extensions_for_exclusions_expiring_august__7_2020.pdf,0,1
https://ustr.gov/issue-areas/enforcement/section-301-investigations/section-301-china/200-billion-trade-action,https://ustr.gov/sites/default/files/enforcement/301Investigations/Notice_of_Product_Exclusion_%20Extension_%20Amendment_Sept_16.pdf,Notice of Product Exclusion Extension Amendment,https://ustr.gov/sites/default/files/enforcement/301investigations/notice_of_product_exclusion_%20extension_%20amendment_sept_16.pdf,0,1
https://ustr.gov/issue-areas/enforcement/section-301-investigations/section-301-china/200-billion-trade-action,https://ustr.gov/sites/default/files/enforcement/301Investigations/%24200_Billion_Exclusion_Extensions_Amendment_October_2020.pdf,Notice of Product Exclusion Extension Amendments,https://ustr.gov/sites/default/files/enforcement/301investigations/%24200_billion_exclusion_extensions_amendment_october_2020.pdf,0,1
https://ustr.gov/issue-areas/enforcement/section-301-investigations/section-301-china/300-billion-trade-action,https://ustr.gov/sites/default/files/enforcement/301Investigations/84_FR_22564.pdf,Request for Comments Concerning Proposed Modification of Action,https://ustr.gov/sites/default/files/enforcement/301investigations/84_fr_22564.pdf,0,1
https://ustr.gov/issue-areas/enforcement/section-301-investigations/section-301-china/300-billion-trade-action,https://ustr.gov/sites/default/files/enforcement/301Investigations/Notice_of_Modification_%28List_4A_and_List_4B%29.pdf,Notice of Modification (List 4),https://ustr.gov/sites/default/files/enforcement/301investigations/notice_of_modification_%28list_4a_and_list_4b%29.pdf,0,1
https://ustr.gov/issue-areas/enforcement/section-301-investigations/section-301-china/300-billion-trade-action,https://ustr.gov/sites/default/files/enforcement/301Investigations/Notice_of_Modification%E2%80%93August_2019.pdf,Notice of Modification,https://ustr.gov/sites/default/files/enforcement/301investigations/notice_of_modification%e2%80%93august_2019.pdf,0,1
https://ustr.gov/issue-areas/enforcement/section-301-investigations/section-301-china/300-billion-trade-action,https://ustr.gov/sites/default/files/enforcement/301Investigations/Procedures_for_Requests_to_Exclude_Particular_Products_from_the_August_2019_Action.pdf,Exclusion Request Procedures,https://ustr.gov/sites/default/files/enforcement/301investigations/procedures_for_requests_to_exclude_particular_products_from_the_august_2019_action.pdf,0,1
https://ustr.gov/issue-areas/enforcement/section-301-investigations/section-301-china/300-billion-trade-action,https://ustr.gov/sites/default/files/enforcement/301Investigations/Notice_of_Modification%E2%80%93December_2019.pdf,Notice of Modification,https://ustr.gov/sites/default/files/enforcement/301investigations/notice_of_modification%e2%80%93december_2019.pdf,0,1
https://ustr.gov/issue-areas/enforcement/section-301-investigations/section-301-china/300-billion-trade-action,https://ustr.gov/sites/default/files/enforcement/301Investigations/Notice_of_Modification-January_2020.pdf,Notice of Modification,https://ustr.gov/sites/default/files/enforcement/301investigations/notice_of_modification-january_2020.pdf,0,1
https://ustr.gov/issue-areas/enforcement/section-301-investigations/section-301-china/300-billion-trade-action,https://ustr.gov/sites/default/files/enforcement/301Investigations/%24300_Billion_Trade_Action_Exclusion_Process_FAQs.pdf,FAQs,https://ustr.gov/sites/default/files/enforcement/301investigations/%24300_billion_trade_action_exclusion_process_faqs.pdf,0,1
https://ustr.gov/issue-areas/enforcement/section-301-investigations/section-301-china/300-billion-trade-action,https://ustr.gov/sites/default/files/enforcement/301Investigations/%24300_Billion_Exclusions_Granted_March.pdf,"Exclusions Granted March 10, 2020",https://ustr.gov/sites/default/files/enforcement/301investigations/%24300_billion_exclusions_granted_march.pdf,0,1
https://ustr.gov/issue-areas/enforcement/section-301-investigations/section-301-china/300-billion-trade-action,https://ustr.gov/sites/default/files/enforcement/301Investigations/%24300_Billion_Exclusions_Granted_March_2020.pdf,"Exclusions Granted March 17, 2020",https://ustr.gov/sites/default/files/enforcement/301investigations/%24300_billion_exclusions_granted_march_2020.pdf,0,1
https://ustr.gov/issue-areas/enforcement/section-301-investigations/section-301-china/300-billion-trade-action,https://ustr.gov/sites/default/files/enforcement/301Investigations/%24300_Billion_Exclusions_Granted_March_25_2020.pdf,"Exclusions Granted March 31, 2020",https://ustr.gov/sites/default/files/enforcement/301investigations/%24300_billion_exclusions_granted_march_25_2020.pdf,0,1
https://ustr.gov/issue-areas/enforcement/section-301-investigations/section-301-china/300-billion-trade-action,https://ustr.gov/sites/default/files/enforcement/301Investigations/%24300_Billion_Exclusions_Granted_May.pdf,"Exclusions Granted May 13, 2020",https://ustr.gov/sites/default/files/enforcement/301investigations/%24300_billion_exclusions_granted_may.pdf,0,1
https://ustr.gov/issue-areas/enforcement/section-301-investigations/section-301-china/300-billion-trade-action,https://ustr.gov/sites/default/files/enforcement/301Investigations/Amendments_to_Exclusions_May_2020.pdf,"Amendments to Exclusions May 26, 2020",https://ustr.gov/sites/default/files/enforcement/301investigations/amendments_to_exclusions_may_2020.pdf,0,1
https://ustr.gov/issue-areas/enforcement/section-301-investigations/section-301-china/300-billion-trade-action,https://ustr.gov/sites/default/files/enforcement/301Investigations/%24300_Billion_Exclusions_Granted_June.pdf,"Exclusions Granted June 8, 2020",https://ustr.gov/sites/default/files/enforcement/301investigations/%24300_billion_exclusions_granted_june.pdf,0,1
https://ustr.gov/issue-areas/enforcement/section-301-investigations/section-301-china/300-billion-trade-action,https://ustr.gov/sites/default/files/enforcement/301Investigations/%24300_Billion_Exclusions_Granted_July.pdf,"Exclusions Granted July 7, 2020",https://ustr.gov/sites/default/files/enforcement/301investigations/%24300_billion_exclusions_granted_july.pdf,0,1
https://ustr.gov/issue-areas/enforcement/section-301-investigations/section-301-china/300-billion-trade-action,https://ustr.gov/sites/default/files/enforcement/301Investigations/%24300_Billion_Exclusions_Granted_July_20_2020.pdf,"Exclusions Granted July 20, 2020",https://ustr.gov/sites/default/files/enforcement/301investigations/%24300_billion_exclusions_granted_july_20_2020.pdf,0,1
https://ustr.gov/issue-areas/enforcement/section-301-investigations/section-301-china/300-billion-trade-action,https://ustr.gov/sites/default/files/enforcement/301Investigations/%24300_Billion_Exclusions_Granted_August_2020.pdf,"Exclusions Granted August 5, 2020",https://ustr.gov/sites/default/files/enforcement/301investigations/%24300_billion_exclusions_granted_august_2020.pdf,0,1
https://ustr.gov/issue-areas/enforcement/section-301-investigations/section-301-china/300-billion-trade-action,https://ustr.gov/sites/default/files/enforcement/301Investigations/%24300_Billion_Exclusion_Amendment_October_2020_0.pdf,"Amendment to Exclusion Granted October 7, 2020",https://ustr.gov/sites/default/files/enforcement/301investigations/%24300_billion_exclusion_amendment_october_2020_0.pdf,0,1
https://ustr.gov/issue-areas/enforcement/section-301-investigations/section-301-china/300-billion-trade-action,https://ustr.gov/sites/default/files/enforcement/301Investigations/%24300B_Exclusion_Extension_Request_Procedures_FRN_June_23_2020.pdf,Request for Comments Concerning the Extension of Particular Exclusions,https://ustr.gov/sites/default/files/enforcement/301investigations/%24300b_exclusion_extension_request_procedures_frn_june_23_2020.pdf,0,1
https://ustr.gov/issue-areas/enforcement/section-301-investigations/section-301-china/300-billion-trade-action,https://ustr.gov/sites/default/files/enforcement/301Investigations/%24300_Billion_Request_For_Comments_Concerning_The_Extension_of_Particular_Exclusions_July_2020.pdf,Request for Comments Concerning the Extension of Particular Exclusions,https://ustr.gov/sites/default/files/enforcement/301investigations/%24300_billion_request_for_comments_concerning_the_extension_of_particular_exclusions_july_2020.pdf,0,1
https://ustr.gov/issue-areas/enforcement/section-301-investigations/section-301-china/300-billion-trade-action,https://ustr.gov/sites/default/files/enforcement/301Investigations/%24300_Billion_Request_For_Comments_Concerning_The_Extension_of_Particular_Exclusions_August_2020.pdf,Request for Comments Concerning the Extension of Particular Exclusions,https://ustr.gov/sites/default/files/enforcement/301investigations/%24300_billion_request_for_comments_concerning_the_extension_of_particular_exclusions_august_2020.pdf,0,1
https://ustr.gov/issue-areas/enforcement/section-301-investigations/section-301-china/300-billion-trade-action,https://ustr.gov/sites/default/files/enforcement/301Investigations/%24300_Billion_Exclusion_Extensions_August_2020.pdf,Notice of Extensions for Exclusions Under the $300 Billion Action,https://ustr.gov/sites/default/files/enforcement/301investigations/%24300_billion_exclusion_extensions_august_2020.pdf,0,1
https://ustr.gov/issue-areas/enforcement/section-301-investigations/section-301-china/300-billion-trade-action,https://ustr.gov/sites/default/files/enforcement/301Investigations/%24300_Billion_Exclusion_Extensions_Amendment_October_2020.pdf,Notice of Product Exclusion Extension Amendment,https://ustr.gov/sites/default/files/enforcement/301investigations/%24300_billion_exclusion_extensions_amendment_october_2020.pdf,0,1
https://ustr.gov/issue-areas/enforcement/section-301-investigations/section-301-china-technology-transfer/china-section-301-tariff-actions-and-exclusion-process/four-year-review,https://www.govinfo.gov/content/pkg/FR-2026-05-06/pdf/2026-08806.pdf,Initiation of Second Four-Year Review Process,https://www.govinfo.gov/content/pkg/fr-2026-05-06/pdf/2026-08806.pdf,0,1
https://ustr.gov/issue-areas/enforcement/section-301-investigations/section-301-china-technology-transfer/china-section-301-tariff-actions-and-exclusion-process/four-year-review,https://ustr.gov/sites/default/files/301/2022-09688.pdf,Initiation of Four-Year Review Process,https://ustr.gov/sites/default/files/301/2022-09688.pdf,0,1
https://ustr.gov/issue-areas/enforcement/section-301-investigations/section-301-china-technology-transfer/china-section-301-tariff-actions-and-exclusion-process/four-year-review,https://ustr.gov/sites/default/files/2022-09/2022-19365.pdf,Continuation of Actions,https://ustr.gov/sites/default/files/2022-09/2022-19365.pdf,0,1
https://ustr.gov/issue-areas/enforcement/section-301-investigations/section-301-china-technology-transfer/china-section-301-tariff-actions-and-exclusion-process/four-year-review,https://ustr.gov/sites/default/files/2022-10/Request%20for%20comments%20in%20four-year%20review%20of%20actions%20.pdf,Request for Comments in Four-Year Review of Actions Taken in the Section 301 Investigation,https://ustr.gov/sites/default/files/2022-10/request%20for%20comments%20in%20four-year%20review%20of%20actions%20.pdf,0,1
https://ustr.gov/issue-areas/enforcement/section-301-investigations/section-301-china-technology-transfer/china-section-301-tariff-actions-and-exclusion-process/four-year-review,https://ustr.gov/sites/default/files/enforcement/301Investigations/REVISED%20Four-Year%20Review%20Docket%20Preview%20of%20Questions%2012.6.22%20(rev).pdf,Preview of Questions for Four-Year Review Docket Opening,https://ustr.gov/sites/default/files/enforcement/301investigations/revised%20four-year%20review%20docket%20preview%20of%20questions%2012.6.22%20(rev).pdf,0,1
https://ustr.gov/issue-areas/enforcement/section-301-investigations/section-301-china-technology-transfer/china-section-301-tariff-actions-and-exclusion-process/four-year-review,https://ustr.gov/sites/default/files/2023-01/FAQs%20For%20Request%20for%20Comments%20on%20Four%20Year%20Review%201.09.2023.pdf,Four-Year Review FAQ,https://ustr.gov/sites/default/files/2023-01/faqs%20for%20request%20for%20comments%20on%20four%20year%20review%201.09.2023.pdf,0,1
https://ustr.gov/issue-areas/enforcement/section-301-investigations/section-301-china-technology-transfer/china-section-301-tariff-actions-and-exclusion-process/four-year-review,https://ustr.gov/sites/default/files/05.14.2024%20Four%20Year%20Review%20of%20China%20Tech%20Transfer%20Section%20301%20(Final)_0.pdf,"Four-Year Review of Actions Taken in the Section 301 Investigation: China’s Acts, Policies, and Practices Related to Technology Transfer, Intellectual Property, and Innovation",https://ustr.gov/sites/default/files/05.14.2024%20four%20year%20review%20of%20china%20tech%20transfer%20section%20301%20(final)_0.pdf,0,1
https://ustr.gov/issue-areas/enforcement/section-301-investigations/section-301-china-technology-transfer/china-section-301-tariff-actions-and-exclusion-process/four-year-review,https://ustr.gov/sites/default/files/05.13.2024%20Executive%20Summary%20of%20Four%20Year%20Review%20of%20China%20Tech%20Transfer%20Section%20301%20(Final)_0.pdf,Executive Summary (English),https://ustr.gov/sites/default/files/05.13.2024%20executive%20summary%20of%20four%20year%20review%20of%20china%20tech%20transfer%20section%20301%20(final)_0.pdf,0,1
https://ustr.gov/issue-areas/enforcement/section-301-investigations/section-301-china-technology-transfer/china-section-301-tariff-actions-and-exclusion-process/four-year-review,https://ustr.gov/sites/default/files/2024.05.22_CHI-FINAL_Executive%20Summary%204YR_0_0.pdf,Mandarin,https://ustr.gov/sites/default/files/2024.05.22_chi-final_executive%20summary%204yr_0_0.pdf,0,1
https://ustr.gov/issue-areas/enforcement/section-301-investigations/section-301-china-technology-transfer/china-section-301-tariff-actions-and-exclusion-process/four-year-review,https://ustr.gov/sites/default/files/2024.05.17_FRE-FINAL_Executive%20Summary%20of%20Four%20Year%20Review_0.pdf,French,https://ustr.gov/sites/default/files/2024.05.17_fre-final_executive%20summary%20of%20four%20year%20review_0.pdf,0,1
https://ustr.gov/issue-areas/enforcement/section-301-investigations/section-301-china-technology-transfer/china-section-301-tariff-actions-and-exclusion-process/four-year-review,https://ustr.gov/sites/default/files/2024.05.17_GER-FINAL_Executive%20Summary%20of%20Four%20Year%20Review_0.pdf,German,https://ustr.gov/sites/default/files/2024.05.17_ger-final_executive%20summary%20of%20four%20year%20review_0.pdf,0,1
https://ustr.gov/issue-areas/enforcement/section-301-investigations/section-301-china-technology-transfer/china-section-301-tariff-actions-and-exclusion-process/four-year-review,https://ustr.gov/sites/default/files/2024.05.17_ITA-FINAL_Executive%20Summary%20of%20Four%20Year%20Review_0.pdf,Italian,https://ustr.gov/sites/default/files/2024.05.17_ita-final_executive%20summary%20of%20four%20year%20review_0.pdf,0,1
https://ustr.gov/issue-areas/enforcement/section-301-investigations/section-301-china-technology-transfer/china-section-301-tariff-actions-and-exclusion-process/four-year-review,https://ustr.gov/sites/default/files/2024.05.17_JAP-FINAL_Executive%20Summary%20of%20Four%20Year%20Review_0.pdf,Japanese,https://ustr.gov/sites/default/files/2024.05.17_jap-final_executive%20summary%20of%20four%20year%20review_0.pdf,0,1
https://ustr.gov/issue-areas/enforcement/section-301-investigations/section-301-china-technology-transfer/china-section-301-tariff-actions-and-exclusion-process/four-year-review,https://ustr.gov/sites/default/files/2024.05.17_SPA-FINAL_Executive%20Summary%20of%20Four%20Year%20Review_0.pdf,Spanish,https://ustr.gov/sites/default/files/2024.05.17_spa-final_executive%20summary%20of%20four%20year%20review_0.pdf,0,1
https://ustr.gov/issue-areas/enforcement/section-301-investigations/section-301-china-technology-transfer/china-section-301-tariff-actions-and-exclusion-process/four-year-review,https://ustr.gov/sites/default/files/89%20FR%2046252%20(May%2028%202024).pdf,Federal Register Notice on Section 301 Proposed Tariff Modifications and Machinery Exclusion Process,https://ustr.gov/sites/default/files/89%20fr%2046252%20(may%2028%202024).pdf,0,1
https://ustr.gov/issue-areas/enforcement/section-301-investigations/section-301-china-technology-transfer/china-section-301-tariff-actions-and-exclusion-process/four-year-review,https://ustr.gov/sites/default/files/Preview%20of%20Questions%20for%20Proposed%20Modifications%20to%20Section%20301%20Action%20%20Proposed%20Exclusion%20Process%20Docket%20FINAL%2005242024.pdf,Docket Questions: Proposed Modifications to Section 301 Action Proposed Exclusion Process,https://ustr.gov/sites/default/files/preview%20of%20questions%20for%20proposed%20modifications%20to%20section%20301%20action%20%20proposed%20exclusion%20process%20docket%20final%2005242024.pdf,0,1
https://ustr.gov/issue-areas/enforcement/section-301-investigations/section-301-china-technology-transfer/china-section-301-tariff-actions-and-exclusion-process/four-year-review,https://ustr.gov/sites/default/files/89%20FR%2047198.pdf,Agency Information Collection Activities; Request for Comments,https://ustr.gov/sites/default/files/89%20fr%2047198.pdf,0,1
https://ustr.gov/issue-areas/enforcement/section-301-investigations/section-301-china-technology-transfer/china-section-301-tariff-actions-and-exclusion-process/four-year-review,https://ustr.gov/sites/default/files/89%20FR%2066484.pdf,Agency Information Collection Activities; Request for the Office of Management and Budget To Approve Renewal of the Collection of Information Titled ‘301 Exclusion Requests’,https://ustr.gov/sites/default/files/89%20fr%2066484.pdf,0,1
https://ustr.gov/issue-areas/enforcement/section-301-investigations/section-301-china-technology-transfer/china-section-301-tariff-actions-and-exclusion-process/four-year-review,https://ustr.gov/sites/default/files/89%20FR%2076581%20(September%2018%2C%202024).pdf,Notice of Final Modifications,https://ustr.gov/sites/default/files/89%20fr%2076581%20(september%2018%2c%202024).pdf,0,1
https://ustr.gov/issue-areas/enforcement/section-301-investigations/section-301-china-technology-transfer/china-section-301-tariff-actions-and-exclusion-process/four-year-review,https://ustr.gov/sites/default/files/89%20FR%2077958%20(September%2024%2C%202024).pdf,Additional Request for Comments on Section 301 Proposed Tariff Modifications,https://ustr.gov/sites/default/files/89%20fr%2077958%20(september%2024%2c%202024).pdf,0,1
https://ustr.gov/issue-areas/enforcement/section-301-investigations/section-301-china-technology-transfer/china-section-301-tariff-actions-and-exclusion-process/four-year-review,https://ustr.gov/sites/default/files/Section%20301%20Tungsten.pdf,Notice of Modification of Actions,https://ustr.gov/sites/default/files/section%20301%20tungsten.pdf,0,1
https://ustr.gov/issue-areas/enforcement/section-301-investigations/section-301-china-technology-transfer/china-section-301-tariff-actions-and-exclusion-process/four-year-review,https://ustr.gov/sites/default/files/files/Issue_Areas/Enforcement/Section%20301/90%20FR%2023987.pdf,"Notice of Product Exclusion Extensions: China's Acts, Policies, and Practices Related to Technology Transfer, Intellectual Property, and Innovation",https://ustr.gov/sites/default/files/files/issue_areas/enforcement/section%20301/90%20fr%2023987.pdf,0,1
https://ustr.gov/issue-areas/enforcement/section-301-investigations/section-301-china-technology-transfer/china-section-301-tariff-actions-and-exclusion-process/four-year-review,https://www.govinfo.gov/content/pkg/FR-2025-09-02/pdf/2025-16733.pdf,"Notice of Product Exclusion Extensions: China's Acts, Policies, and Practices Related to Technology Transfer, Intellectual Property, and Innovation",https://www.govinfo.gov/content/pkg/fr-2025-09-02/pdf/2025-16733.pdf,0,1
https://ustr.gov/issue-areas/enforcement/section-301-investigations/section-301-china-technology-transfer/china-section-301-tariff-actions-and-exclusion-process/four-year-review,https://ustr.gov/sites/default/files/files/Issue_Areas/Enforcement/Section%20301/Index%20of%20Exclusions%20for%20Possible%20Extension%20Beyond%20November%2029%20FINAL_0.pdf,"List of Exclusions Extended Through November 29, 2025",https://ustr.gov/sites/default/files/files/issue_areas/enforcement/section%20301/index%20of%20exclusions%20for%20possible%20extension%20beyond%20november%2029%20final_0.pdf,0,1
https://ustr.gov/issue-areas/enforcement/section-301-investigations/section-301-china-technology-transfer/china-section-301-tariff-actions-and-exclusion-process/four-year-review,https://ustr.gov/sites/default/files/files/Issue_Areas/Enforcement/Section%20301/FRN%20for%20Section%20301%20Investigation.pdf,Request for Comments on Whether Particular Exclusions Warrant Further Extension,https://ustr.gov/sites/default/files/files/issue_areas/enforcement/section%20301/frn%20for%20section%20301%20investigation.pdf,0,1
https://ustr.gov/issue-areas/enforcement/section-301-investigations/section-301-china-technology-transfer/china-section-301-tariff-actions-and-exclusion-process/four-year-review,https://www.govinfo.gov/content/pkg/FR-2025-12-01/pdf/2025-21671.pdf,"Notice of Product Exclusion Extensions through November 9, 2026",https://www.govinfo.gov/content/pkg/fr-2025-12-01/pdf/2025-21671.pdf,0,1
https://ustr.gov/issue-areas/enforcement/section-301-investigations/section-301-china-technology-transfer/china-section-301-tariff-actions-and-exclusion-process/four-year-review,https://ustr.gov/sites/default/files/05.14.2024%20Four%20Year%20Review%20of%20China%20Tech%20Transfer%20Section%20301%20(Final).pdf,,https://ustr.gov/sites/default/files/05.14.2024%20four%20year%20review%20of%20china%20tech%20transfer%20section%20301%20(final).pdf,0,1
